Etiquetas de fila;Cuenta de cadena-original
2F Studio;1
AbemaTV;1
Amazon Prime;3
Apple TV;1
Bamboo;1
BiliBili;1
BS TV Tokyo;1
CGV;11
Channel A;26
CheezeFilm;4
Comedy TV;2
COUPANG TV;17
DAEBAKFILM;1
Daum Kakao TV;24
Disney+;35
Drama X;4
DRAMAcube;4
DramaX;10
E-Channel;9
EBS;19
ENA;39
Flying Penguin;2
FlyingPenguin;1
FTV;1
Fuji TV;1
Genie TV;27
GND;1
Gone gone studio;1
Heavenly;11
iQIYI;16
jTBC;157
KBS;1
KBS Joy;2
KBS N;1
KBS1;135
KBS2;536
KOCOWA+;2
LET STUDIO;1
Lifetime;2
LINE TV;2
Lovememory;5
MBC;656
MBC Dramanet;10
MBC every1;14
MBC QueeN;1
MBN;31
Mirovision;1
Mnet;8
Nanometer;1
Naver TV;2
Naver TV Cast;260
NBS;1
Netflix;75
O'live;4
OBS;1
OCN;73
Oksusu;10
On Style;2
Prime VIdeo;1
QTV;1
QueerDeep;1
SBS;609
SBS Plus;13
Seezn;10
Sohu TV;2
Strongberry;1
Sukfilm;4
SUPER ACTION;5
TBC;15
Tencent Video;2
Tooniverse;16
TV Chosun;30
TVING;60
tvN;280
U+ Mobile TV;12
Vigloo;1
Viki;22
Viu;1
vLive;80
Watcha;17
Wavve;41
Xclusive;1
XtvN;1
Yeoragideul;1
Youtube;10
YouTube (GND STUDIO);1
Yunsae University Main Auditorium;1
(en blanco);
Total general;3508